模型名称,输入 token,输出 token,最大并发,平均时延 (s),最大时延 (s),吞吐 (r/s),kv cache usage (%)
llama3.1-8b,3500,490 - 500,4,1.2136929035186768,1.2136929035186768,3.2957266112402928,94
llama3.1-8b,3500,490 - 500,4,1.210111141204834,1.210111141204834,3.3054815081013498,94
llama3.1-8b,3500,490 - 500,4,1.290081262588501,1.290081262588501,3.1005798750802303,93
llama3.1-8b,3500,490 - 500,4,1.2292039394378662,1.2292039394378662,3.254138610903949,94
llama3.1-8b,3500,490 - 500,4,1.2107679843902588,1.2107679843902588,3.3036882801409675,94
llama3.1-8b,3500,490 - 500,4,1.2126145362854004,1.2126145362854004,3.2986574713619974,93
llama3.1-8b,3500,490 - 500,4,1.248744010925293,1.248744010925293,3.203218566018254,93
llama3.1-8b,3500,490 - 500,4,1.246805191040039,1.246805191040039,3.2081996680358276,93
llama3.1-8b,3500,490 - 500,4,1.2103736400604248,1.2103736400604248,3.304764634332511,94
llama3.1-8b,3500,490 - 500,4,1.2385237216949463,1.2385237216949463,3.2296515035867976,93
llama3.1-8b,3500,490 - 500,4,1.2100303173065186,1.2100303173065186,3.3057022975290797,93
llama3.1-8b,3500,490 - 500,4,1.219738483428955,1.219738483428955,3.2793914878828074,93
llama3.1-8b,3500,490 - 500,4,1.2176117897033691,1.2176117897033691,3.285119307997558,92
llama3.1-8b,3500,490 - 500,4,1.239255666732788,1.239255666732788,3.2277439654931928,92
llama3.1-8b,3500,490 - 500,4,1.2102017402648926,1.2102017402648926,3.305234050584383,93
llama3.1-8b,3500,490 - 500,4,1.2087500095367432,1.2087500095367432,3.309203696745377,93
llama3.1-8b,3500,490 - 500,4,1.2077970504760742,1.2077970504760742,3.311814678155846,93
llama3.1-8b,3500,490 - 500,4,1.210475206375122,1.210475206375122,3.3044873442541323,94
llama3.1-8b,3500,490 - 500,4,1.2379302978515625,1.2379302978515625,3.2311996943139936,93
llama3.1-8b,3500,490 - 500,4,1.2071268558502197,1.2071268558502197,3.313653391616962,94
llama3.1-8b,3500,490 - 500,4,1.2079508304595947,1.2079508304595947,3.3113930626448607,94
llama3.1-8b,3500,490 - 500,4,1.2080655097961426,1.2080655097961426,3.3110787184670043,93
llama3.1-8b,3500,490 - 500,4,1.208362102508545,1.208362102508545,3.310266013553428,94
llama3.1-8b,3500,490 - 500,4,1.2085120677947998,1.2085120677947998,3.3098552398395933,94
llama3.1-8b,3500,490 - 500,4,1.2086820602416992,1.2086820602416992,3.30938973248277,93
llama3.1-8b,3500,490 - 500,4,1.210207223892212,1.210207223892212,3.305219074081699,93
llama3.1-8b,3500,490 - 500,4,1.2503623962402344,1.2503623962402344,3.199072534513004,93
llama3.1-8b,3500,490 - 500,4,1.2208447456359863,1.2208447456359863,3.2764198840993837,93
llama3.1-8b,3500,490 - 500,4,1.2557458877563477,1.2557458877563477,3.1853578331415724,93
llama3.1-8b,3500,490 - 500,4,1.2098760604858398,1.2098760604858398,3.3061237680773297,93
llama3.1-8b,3500,490 - 500,4,1.2120728492736816,1.2120728492736816,3.300131673106073,94
llama3.1-8b,3500,490 - 500,4,1.2179207801818848,1.2179207801818848,3.2842858625030096,94
llama3.1-8b,3500,490 - 500,4,1.2106666564941406,1.2106666564941406,3.3039647854705407,93
llama3.1-8b,3500,490 - 500,4,1.2141776084899902,1.2141776084899902,3.294410942872347,93
llama3.1-8b,3500,490 - 500,4,1.2135305404663086,1.2135305404663086,3.2961675595432225,94
llama3.1-8b,3500,490 - 500,4,1.2314114570617676,1.2314114570617676,3.248305005659339,94
llama3.1-8b,3500,490 - 500,4,1.2426342964172363,1.2426342964172363,3.218967971134228,94
llama3.1-8b,3500,490 - 500,4,1.211225986480713,1.211225986480713,3.302439053196201,93
llama3.1-8b,3500,490 - 500,4,1.23952317237854,1.23952317237854,3.22704737526152,93
llama3.1-8b,3500,490 - 500,4,1.2190287113189697,1.2190287113189697,3.28130089378458,93
llama3.1-8b,3500,490 - 500,4,1.2127959728240967,1.2127959728240967,3.2981639860541967,94
llama3.1-8b,3500,490 - 500,4,1.2088873386383057,1.2088873386383057,3.3088277725744173,93
llama3.1-8b,3500,490 - 500,4,1.2189602851867676,1.2189602851867676,3.2814850890627048,94
llama3.1-8b,3500,490 - 500,4,1.220412254333496,1.220412254333496,3.277580986094343,94
llama3.1-8b,3500,490 - 500,4,1.2120754718780518,1.2120754718780518,3.3001245325113255,94
llama3.1-8b,3500,490 - 500,4,1.232837438583374,1.232837438583374,3.244547800719218,93
llama3.1-8b,3500,490 - 500,4,1.2480599880218506,1.2480599880218506,3.2049741505934484,94
llama3.1-8b,3500,490 - 500,4,1.2776448726654053,1.2776448726654053,3.1307604214426616,94
llama3.1-8b,3500,490 - 500,4,1.217956781387329,1.217956781387329,3.2841887833193466,94
llama3.1-8b,3500,490 - 500,4,1.2173099517822266,1.2173099517822266,3.285933869302326,94
llama3.1-8b,3500,490 - 500,4,1.2261097431182861,1.2261097431182861,3.2623507173404045,93
llama3.1-8b,3500,490 - 500,4,1.2179112434387207,1.2179112434387207,3.284311579804592,94
llama3.1-8b,3500,490 - 500,4,1.2392363548278809,1.2392363548278809,3.227794265731952,94
llama3.1-8b,3500,490 - 500,4,1.2292108535766602,1.2292108535766602,3.254120306830287,94
llama3.1-8b,3500,490 - 500,4,1.2125482559204102,1.2125482559204102,3.2988377827187723,94
llama3.1-8b,3500,490 - 500,4,1.2125296592712402,1.2125296592712402,3.2988883772163535,94
llama3.1-8b,3500,490 - 500,4,1.209226131439209,1.209226131439209,3.307900727582888,94
llama3.1-8b,3500,490 - 500,4,1.2127256393432617,1.2127256393432617,3.2983552670381044,93
llama3.1-8b,3500,490 - 500,4,1.2098605632781982,1.2098605632781982,3.306166116500014,94
llama3.1-8b,3500,490 - 500,4,1.214608907699585,1.214608907699585,3.293241120366737,94
llama3.1-8b,3500,490 - 500,4,1.2118487358093262,1.2118487358093262,3.300741983551786,94
llama3.1-8b,3500,490 - 500,4,1.2118151187896729,1.2118151187896729,3.3008335495888916,94
llama3.1-8b,3500,490 - 500,4,1.2130341529846191,1.2130341529846191,3.2975163890960277,94
llama3.1-8b,3500,490 - 500,4,1.2108707427978516,1.2108707427978516,3.3034079184682876,93
llama3.1-8b,3500,490 - 500,4,1.2504816055297852,1.2504816055297852,3.1987675646818814,93
llama3.1-8b,3500,490 - 500,4,1.2406682968139648,1.2406682968139648,3.224068842793837,94
llama3.1-8b,3500,490 - 500,4,1.2143595218658447,1.2143595218658447,3.2939174338206376,93
llama3.1-8b,3500,490 - 500,4,1.2203171253204346,1.2203171253204346,3.277836487748763,94
llama3.1-8b,3500,490 - 500,4,1.2131826877593994,1.2131826877593994,3.297112661067982,93
llama3.1-8b,3500,490 - 500,4,1.3228940963745117,1.3228940963745117,3.0236736341648913,94
llama3.1-8b,3500,490 - 500,4,1.2590537071228027,1.2590537071228027,3.176989176371852,93
llama3.1-8b,3500,490 - 500,4,1.2141757011413574,1.2141757011413574,3.294416118062562,94
llama3.1-8b,3500,490 - 500,4,1.2595465183258057,1.2595465183258057,3.17574614498305,94
llama3.1-8b,3500,490 - 500,4,1.211820363998413,1.211820363998413,3.300819262354992,93
llama3.1-8b,3500,490 - 500,4,1.2203190326690674,1.2203190326690674,3.2778313645172337,94
llama3.1-8b,3500,490 - 500,4,1.2107741832733154,1.2107741832733154,3.303671366023053,93
llama3.1-8b,3500,490 - 500,4,1.2113754749298096,1.2113754749298096,3.3020315193617167,94
llama3.1-8b,3500,490 - 500,4,1.210245132446289,1.210245132446289,3.3051155445795777,93
llama3.1-8b,3500,490 - 500,4,1.2528562545776367,1.2528562545776367,3.1927046581640615,94
llama3.1-8b,3500,490 - 500,4,1.2314300537109375,1.2314300537109375,3.248255950832063,93
llama3.1-8b,3500,490 - 500,4,1.2195897102355957,1.2195897102355957,3.2797915286012826,94
llama3.1-8b,3500,490 - 500,4,1.2797932624816895,1.2797932624816895,3.125504811803328,94
llama3.1-8b,3500,490 - 500,4,1.252016544342041,1.252016544342041,3.19484596116266,94
llama3.1-8b,3500,490 - 500,4,1.2940804958343506,1.2940804958343506,3.0909978265463494,93
llama3.1-8b,3500,490 - 500,4,1.2118825912475586,1.2118825912475586,3.3006497732443254,94
llama3.1-8b,3500,490 - 500,4,1.21303391456604,1.21303391456604,3.2975170372140754,93
llama3.1-8b,3500,490 - 500,4,1.2095105648040771,1.2095105648040771,3.3071228283549066,94
llama3.1-8b,3500,490 - 500,4,1.209850549697876,1.209850549697876,3.306193480673196,93
llama3.1-8b,3500,490 - 500,4,1.2710559368133545,1.2710559368133545,3.1469897462013674,93
llama3.1-8b,3500,490 - 500,4,1.21235990524292,1.21235990524292,3.2993502859190333,93
llama3.1-8b,3500,490 - 500,4,1.222660779953003,1.222660779953003,3.2715533740713867,94
llama3.1-8b,3500,490 - 500,4,1.210531234741211,1.210531234741211,3.304334398984034,94
llama3.1-8b,3500,490 - 500,4,1.2108395099639893,1.2108395099639893,3.303493127771294,94
llama3.1-8b,3500,490 - 500,4,1.2099454402923584,1.2099454402923584,3.3059341907462225,93
llama3.1-8b,3500,490 - 500,4,1.2099199295043945,1.2099199295043945,3.3060038953474167,93
llama3.1-8b,3500,490 - 500,4,1.2596616744995117,1.2596616744995117,3.175455823556177,93
llama3.1-8b,3500,490 - 500,4,1.2149038314819336,1.2149038314819336,3.292441670153283,94
llama3.1-8b,3500,490 - 500,4,1.2487409114837646,1.2487409114837646,3.203226516577539,94
llama3.1-8b,3500,490 - 500,4,1.212550401687622,1.212550401687622,3.2988319449919925,94
llama3.1-8b,3500,490 - 500,4,1.210500955581665,1.210500955581665,3.304417052754771,94
llama3.1-8b,3500,490 - 500,4,1.232670545578003,1.232670545578003,3.244987084626402,93
llama3.1-8b,3500,490 - 500,4,1.2153429985046387,1.2153429985046387,3.291251938688593,94
llama3.1-8b,3500,490 - 500,4,1.2199428081512451,1.2199428081512451,3.278842232007397,93
llama3.1-8b,3500,490 - 500,4,1.2284533977508545,1.2284533977508545,3.2561267747913782,93
llama3.1-8b,3500,490 - 500,4,1.2140154838562012,1.2140154838562012,3.2948508920943844,94
llama3.1-8b,3500,490 - 500,4,1.2211573123931885,1.2211573123931885,3.275581253459406,94
llama3.1-8b,3500,490 - 500,4,1.2555673122406006,1.2555673122406006,3.1858108768870945,94
llama3.1-8b,3500,490 - 500,4,1.211522102355957,1.211522102355957,3.301631882919426,94
llama3.1-8b,3500,490 - 500,4,1.2190172672271729,1.2190172672271729,3.281331698523488,94
llama3.1-8b,3500,490 - 500,4,1.263267993927002,1.263267993927002,3.166390678169228,93
llama3.1-8b,3500,490 - 500,4,1.2108395099639893,1.2108395099639893,3.303493127771294,93
llama3.1-8b,3500,490 - 500,4,1.211594820022583,1.211594820022583,3.301433725117316,94
llama3.1-8b,3500,490 - 500,4,1.2135827541351318,1.2135827541351318,3.2960257439144542,93
llama3.1-8b,3500,490 - 500,4,1.2507729530334473,1.2507729530334473,3.1980224630689107,93
llama3.1-8b,3500,490 - 500,4,1.2153127193450928,1.2153127193450928,3.2913339392642236,93
llama3.1-8b,3500,490 - 500,4,1.2208499908447266,1.2208499908447266,3.276405807426294,93
llama3.1-8b,3500,490 - 500,4,1.2234797477722168,1.2234797477722168,3.2693634751890523,93
llama3.1-8b,3500,490 - 500,4,1.261028528213501,1.261028528213501,3.172013884306646,94
llama3.1-8b,3500,490 - 500,4,1.2317805290222168,1.2317805290222168,3.2473317330118756,94
llama3.1-8b,3500,490 - 500,4,1.267399549484253,1.267399549484253,3.1560686617158207,93
llama3.1-8b,3500,490 - 500,4,1.2223706245422363,1.2223706245422363,3.2723299461633855,93
llama3.1-8b,3500,490 - 500,4,1.2327978610992432,1.2327978610992432,3.2446519630017354,93
llama3.1-8b,3500,490 - 500,4,1.2111866474151611,1.2111866474151611,3.302546315662041,94
llama3.1-8b,3500,490 - 500,4,1.2817771434783936,1.2817771434783936,3.1206672863155376,94
llama3.1-8b,3500,490 - 500,4,1.2157013416290283,1.2157013416290283,3.290281801153594,93
llama3.1-8b,3500,490 - 500,4,1.2231667041778564,1.2231667041778564,3.2702001994802288,93
llama3.1-8b,3500,490 - 500,4,1.2310316562652588,1.2310316562652588,3.2493071803980422,93
llama3.1-8b,3500,490 - 500,4,1.2134840488433838,1.2134840488433838,3.296293844004416,94
llama3.1-8b,3500,490 - 500,4,1.223257303237915,1.223257303237915,3.2699579960913816,93
llama3.1-8b,3500,490 - 500,4,1.2975387573242188,1.2975387573242188,3.082759553363007,94
llama3.1-8b,3500,490 - 500,4,1.2913744449615479,1.2913744449615479,3.0974749543840514,94
llama3.1-8b,3500,490 - 500,4,1.3251540660858154,1.3251540660858154,3.018516942573351,93
llama3.1-8b,3500,490 - 500,4,1.2197556495666504,1.2197556495666504,3.279345335617919,93
llama3.1-8b,3500,490 - 500,4,1.2325007915496826,1.2325007915496826,3.245434021158402,93
llama3.1-8b,3500,490 - 500,4,1.2132697105407715,1.2132697105407715,3.2968761729138887,93
llama3.1-8b,3500,490 - 500,4,1.2131249904632568,1.2131249904632568,3.297269474658598,93
llama3.1-8b,3500,490 - 500,4,1.2151439189910889,1.2151439189910889,3.2917911512252185,93
llama3.1-8b,3500,490 - 500,4,1.2165544033050537,1.2165544033050537,3.2879746184248457,94
llama3.1-8b,3500,490 - 500,4,1.219517707824707,1.219517707824707,3.2799851731016916,94
llama3.1-8b,3500,490 - 500,4,1.2158942222595215,1.2158942222595215,3.289759854740256,93
llama3.1-8b,3500,490 - 500,4,1.2232780456542969,1.2232780456542969,3.269902549310049,93
llama3.1-8b,3500,490 - 500,4,1.2203845977783203,1.2203845977783203,3.2776552631702334,94
llama3.1-8b,3500,490 - 500,4,1.2115600109100342,1.2115600109100342,3.3015285780152945,93
llama3.1-8b,3500,490 - 500,4,1.220918893814087,1.220918893814087,3.276220902360032,93
llama3.1-8b,3500,490 - 500,4,1.2122700214385986,1.2122700214385986,3.299594916364596,93
llama3.1-8b,3500,490 - 500,4,1.2151775360107422,1.2151775360107422,3.2917000861713097,94
llama3.1-8b,3500,490 - 500,4,1.2145187854766846,1.2145187854766846,3.2934854922231986,93
llama3.1-8b,3500,490 - 500,4,1.2121262550354004,1.2121262550354004,3.2999862707232417,94
llama3.1-8b,3500,490 - 500,4,1.2123711109161377,1.2123711109161377,3.299319790767176,94
llama3.1-8b,3500,490 - 500,4,1.2135956287384033,1.2135956287384033,3.2959907775526607,94
llama3.1-8b,3500,490 - 500,4,1.209911584854126,1.209911584854126,3.3060266965559,94
llama3.1-8b,3500,490 - 500,4,1.265296220779419,1.265296220779419,3.161315061492882,93
llama3.1-8b,3500,490 - 500,4,1.2121291160583496,1.2121291160583496,3.2999784816714586,93
llama3.1-8b,3500,490 - 500,4,1.2235584259033203,1.2235584259033203,3.2691532462349784,94
llama3.1-8b,3500,490 - 500,4,1.2175405025482178,1.2175405025482178,3.2853116521613126,93
llama3.1-8b,3500,490 - 500,4,1.213184118270874,1.213184118270874,3.2971087733172078,93
llama3.1-8b,3500,490 - 500,4,1.2212486267089844,1.2212486267089844,3.27533633407571,93
llama3.1-8b,3500,490 - 500,4,1.212594747543335,1.212594747543335,3.2987113032642017,94
llama3.1-8b,3500,490 - 500,4,1.213965654373169,1.213965654373169,3.2949861353906256,93
llama3.1-8b,3500,490 - 500,4,1.2114906311035156,1.2114906311035156,3.301717650392808,93
llama3.1-8b,3500,490 - 500,4,1.2146520614624023,1.2146520614624023,3.2931241191688487,93
llama3.1-8b,3500,490 - 500,4,1.225620985031128,1.225620985031128,3.263651690737336,93
llama3.1-8b,3500,490 - 500,4,1.2563228607177734,1.2563228607177734,3.1838949406004478,93
llama3.1-8b,3500,490 - 500,4,1.240408182144165,1.240408182144165,3.2247449328217224,94
llama3.1-8b,3500,490 - 500,4,1.235259771347046,1.235259771347046,3.2381852730766223,94
llama3.1-8b,3500,490 - 500,4,1.2128221988677979,1.2128221988677979,3.298092666620142,93
llama3.1-8b,3500,490 - 500,4,1.2114777565002441,1.2114777565002441,3.3017527383708045,94
llama3.1-8b,3500,490 - 500,4,1.2151398658752441,1.2151398658752441,3.291802131040174,93
llama3.1-8b,3500,490 - 500,4,1.2133126258850098,1.2133126258850098,3.2967595611084453,94
llama3.1-8b,3500,490 - 500,4,1.2207233905792236,1.2207233905792236,3.27674560090311,93
llama3.1-8b,3500,490 - 500,4,1.2653965950012207,1.2653965950012207,3.1610642985775863,93
llama3.1-8b,3500,490 - 500,4,1.2119321823120117,1.2119321823120117,3.300514713924975,94
llama3.1-8b,3500,490 - 500,4,1.2304892539978027,1.2304892539978027,3.2507394818802235,94
llama3.1-8b,3500,490 - 500,4,1.2118570804595947,1.2118570804595947,3.300719255180658,94
llama3.1-8b,3500,490 - 500,4,1.2119152545928955,1.2119152545928955,3.3005608146616434,93
llama3.1-8b,3500,490 - 500,4,1.2117729187011719,1.2117729187011719,3.300948501380411,93
llama3.1-8b,3500,490 - 500,4,1.2107698917388916,1.2107698917388916,3.3036830757785474,94
llama3.1-8b,3500,490 - 500,4,1.2086384296417236,1.2086384296417236,3.3095091980367686,93
llama3.1-8b,3500,490 - 500,4,1.209075689315796,1.209075689315796,3.308312321012393,94
llama3.1-8b,3500,490 - 500,4,1.2183160781860352,1.2183160781860352,3.2832202345680654,94
llama3.1-8b,3500,490 - 500,4,1.2075221538543701,1.2075221538543701,3.31256862429574,94
llama3.1-8b,3500,490 - 500,4,1.210172414779663,1.210172414779663,3.3053141446198664,93
llama3.1-8b,3500,490 - 500,4,1.2185800075531006,1.2185800075531006,3.2825091296483433,94
llama3.1-8b,3500,490 - 500,4,1.2159557342529297,1.2159557342529297,3.2895934344662288,93
llama3.1-8b,3500,490 - 500,4,1.222736120223999,1.222736120223999,3.2713517936046745,94
llama3.1-8b,3500,490 - 500,4,1.233109951019287,1.233109951019287,3.2438307684514305,94
llama3.1-8b,3500,490 - 500,4,1.215674638748169,1.215674638748169,3.290354073783235,93
llama3.1-8b,3500,490 - 500,4,1.2139277458190918,1.2139277458190918,3.2950890312676884,94
llama3.1-8b,3500,490 - 500,4,1.2339887619018555,1.2339887619018555,3.241520606585668,94
llama3.1-8b,3500,490 - 500,4,1.254727840423584,1.254727840423584,3.187942333892614,93
llama3.1-8b,3500,490 - 500,4,1.2328107357025146,1.2328107357025146,3.2446180781518,93
llama3.1-8b,3500,490 - 500,4,1.2315104007720947,1.2315104007720947,3.2480440258500476,93
llama3.1-8b,3500,490 - 500,4,1.233243465423584,1.233243465423584,3.243479582213812,94
llama3.1-8b,3500,490 - 500,4,1.2163872718811035,1.2163872718811035,3.2884263856313867,93
llama3.1-8b,3500,490 - 500,4,1.2235314846038818,1.2235314846038818,3.2692252306813336,94
llama3.1-8b,3500,490 - 500,4,1.2133071422576904,1.2133071422576904,3.2967744610461156,93
llama3.1-8b,3500,490 - 500,4,1.2111926078796387,1.2111926078796387,3.3025300633254004,93
llama3.1-8b,3500,490 - 500,4,1.2195136547088623,1.2195136547088623,3.2799960742997425,93
llama3.1-8b,3500,490 - 500,4,1.213874340057373,1.213874340057373,3.295234002401717,94
llama3.1-8b,3500,490 - 500,4,1.2128701210021973,1.2128701210021973,3.2979623545304184,94
llama3.1-8b,3500,490 - 500,4,1.2143418788909912,1.2143418788909912,3.2939652906091292,93
llama3.1-8b,3500,490 - 500,4,1.2151949405670166,1.2151949405670166,3.291652940995276,93
llama3.1-8b,3500,490 - 500,4,1.2156333923339844,1.2156333923339844,3.290465715424372,94
llama3.1-8b,3500,490 - 500,4,1.2355408668518066,1.2355408668518066,3.2374485598296023,94
llama3.1-8b,3500,490 - 500,4,1.223930835723877,1.223930835723877,3.2681585292638333,93
llama3.1-8b,3500,490 - 500,4,1.2232990264892578,1.2232990264892578,3.2698464671222602,93
llama3.1-8b,3500,490 - 500,4,1.210585355758667,1.210585355758667,3.3041866738039487,94
llama3.1-8b,3500,490 - 500,4,1.211571216583252,1.211571216583252,3.3014980425834044,94
llama3.1-8b,3500,490 - 500,4,1.2164759635925293,1.2164759635925293,3.288186630656551,93
llama3.1-8b,3500,490 - 500,4,1.2127015590667725,1.2127015590667725,3.298420761558332,94
llama3.1-8b,3500,490 - 500,4,1.214331865310669,1.214331865310669,3.293992453188782,93
llama3.1-8b,3500,490 - 500,4,1.209944248199463,1.209944248199463,3.3059374479051105,93
llama3.1-8b,3500,490 - 500,4,1.2125139236450195,1.2125139236450195,3.2989311891572606,94
llama3.1-8b,3500,490 - 500,4,1.2118124961853027,1.2118124961853027,3.300840693252222,93
llama3.1-8b,3500,490 - 500,4,1.2229208946228027,1.2229208946228027,3.2708575162858415,93
llama3.1-8b,3500,490 - 500,4,1.222980260848999,1.222980260848999,3.270698741468795,93
llama3.1-8b,3500,490 - 500,4,1.2446479797363281,1.2446479797363281,3.2137600872877954,93
llama3.1-8b,3500,490 - 500,4,1.214179515838623,1.214179515838623,3.2944057676983913,94
llama3.1-8b,3500,490 - 500,4,1.2227203845977783,1.2227203845977783,3.271393893801669,93
llama3.1-8b,3500,490 - 500,4,1.2628169059753418,1.2628169059753418,3.167521737373783,93
llama3.1-8b,3500,490 - 500,4,1.2133162021636963,1.2133162021636963,3.2967498438303506,94
llama3.1-8b,3500,490 - 500,4,1.2835431098937988,1.2835431098937988,3.116373707409767,93
llama3.1-8b,3500,490 - 500,4,1.212982416152954,1.212982416152954,3.2976570366833826,93
llama3.1-8b,3500,490 - 500,4,1.2218577861785889,1.2218577861785889,3.273703409060531,93
llama3.1-8b,3500,490 - 500,4,1.2331821918487549,1.2331821918487549,3.2436407421707116,93
llama3.1-8b,3500,490 - 500,4,1.215111255645752,1.215111255645752,3.2918796376997284,93
llama3.1-8b,3500,490 - 500,4,1.216196060180664,1.216196060180664,3.288943395693788,93
llama3.1-8b,3500,490 - 500,4,1.285855770111084,1.285855770111084,3.1107687914753015,93
llama3.1-8b,3500,490 - 500,4,1.2633495330810547,1.2633495330810547,3.1661863128605483,93
llama3.1-8b,3500,490 - 500,4,1.212104082107544,1.212104082107544,3.3000466371212998,94
llama3.1-8b,3500,490 - 500,4,1.2222237586975098,1.2222237586975098,3.2727231585341543,94
llama3.1-8b,3500,490 - 500,4,1.2551851272583008,1.2551851272583008,3.1867809083566776,94
llama3.1-8b,3500,490 - 500,4,1.221418857574463,1.221418857574463,3.2748798458403883,94
llama3.1-8b,3500,490 - 500,4,1.2160396575927734,1.2160396575927734,3.28936640760405,93
llama3.1-8b,3500,490 - 500,4,1.2235121726989746,1.2235121726989746,3.269276832102377,93
llama3.1-8b,3500,490 - 500,4,1.275538682937622,1.275538682937622,3.1359299827644764,93
llama3.1-8b,3500,490 - 500,4,1.2156667709350586,1.2156667709350586,3.290375369002894,93
llama3.1-8b,3500,490 - 500,4,1.231637954711914,1.231637954711914,3.2477076438713834,94
llama3.1-8b,3500,490 - 500,4,1.2110133171081543,1.2110133171081543,3.3030190035827363,93
llama3.1-8b,3500,490 - 500,4,1.2098503112792969,1.2098503112792969,3.3061941322066497,94
llama3.1-8b,3500,490 - 500,4,1.2189929485321045,1.2189929485321045,3.2813971605141345,93
llama3.1-8b,3500,490 - 500,4,1.324293613433838,1.324293613433838,3.020478207720241,93
llama3.1-8b,3500,490 - 500,4,1.252661943435669,1.252661943435669,3.1931999059772043,93
llama3.1-8b,3500,490 - 500,4,1.2137846946716309,1.2137846946716309,3.2954773754847295,94
llama3.1-8b,3500,490 - 500,4,1.2077064514160156,1.2077064514160156,3.312063122052604,94
llama3.1-8b,3500,490 - 500,4,1.231964111328125,1.231964111328125,3.246847828779509,94
llama3.1-8b,3500,490 - 500,4,1.2528448104858398,1.2528448104858398,3.192733821876025,93
llama3.1-8b,3500,490 - 500,4,1.2098777294158936,1.2098777294158936,3.306119207542671,94
llama3.1-8b,3500,490 - 500,4,1.2183198928833008,1.2183198928833008,3.283209954434478,94
llama3.1-8b,3500,490 - 500,4,1.2105076313018799,1.2105076313018799,3.3043988295208595,94
llama3.1-8b,3500,490 - 500,8,1.2509214878082275,1.2509214878082275,6.395285457936302,92
llama3.1-8b,3500,490 - 500,8,1.3646974563598633,1.3646974563598633,5.8621051594386815,92
llama3.1-8b,3500,490 - 500,8,1.2546043395996094,1.2546043395996094,6.376512297536844,91
llama3.1-8b,3500,490 - 500,8,1.3299124240875244,1.3299124240875244,6.015433689544585,91
llama3.1-8b,3500,490 - 500,8,1.2854890823364258,1.2854890823364258,6.223312286293162,91
llama3.1-8b,3500,490 - 500,8,1.258436679840088,1.258436679840088,6.357093787997801,92
llama3.1-8b,3500,490 - 500,8,1.2888493537902832,1.2888493537902832,6.207086946564687,92
llama3.1-8b,3500,490 - 500,8,1.2458667755126953,1.2458667755126953,6.421232315716794,92
llama3.1-8b,3500,490 - 500,8,1.2506980895996094,1.2506980895996094,6.3964277762358055,92
llama3.1-8b,3500,490 - 500,8,1.2851061820983887,1.2851061820983887,6.225166535995633,92
llama3.1-8b,3500,490 - 500,8,1.24981689453125,1.24981689453125,6.400937637349221,92
llama3.1-8b,3500,490 - 500,8,1.250819444656372,1.250819444656372,6.395807191978678,91
llama3.1-8b,3500,490 - 500,8,1.2531695365905762,1.2531695365905762,6.383813016844572,91
llama3.1-8b,3500,490 - 500,8,1.3074755668640137,1.3074755668640137,6.118661184000583,92
llama3.1-8b,3500,490 - 500,8,1.2977690696716309,1.2977690696716309,6.164424925017058,92
llama3.1-8b,3500,490 - 500,8,1.2667994499206543,1.2667994499206543,6.315127465915049,92
llama3.1-8b,3500,490 - 500,8,1.2587308883666992,1.2587308883666992,6.355607917416422,91
llama3.1-8b,3500,490 - 500,8,1.2756001949310303,1.2756001949310303,6.271557523893721,91
llama3.1-8b,3500,490 - 500,8,1.2869770526885986,1.2869770526885986,6.2161170498629765,92
llama3.1-8b,3500,490 - 500,8,1.2888071537017822,1.2888071537017822,6.207290188467657,92
llama3.1-8b,3500,490 - 500,8,1.250309705734253,1.250309705734253,6.398414699421969,92
llama3.1-8b,3500,490 - 500,8,1.2728865146636963,1.2728865146636963,6.284927923927016,92
llama3.1-8b,3500,490 - 500,8,1.2807374000549316,1.2807374000549316,6.246401486875354,92
llama3.1-8b,3500,490 - 500,8,1.3658466339111328,1.3658466339111328,5.857172980755401,92
llama3.1-8b,3500,490 - 500,8,1.2723424434661865,1.2723424434661865,6.287615445890457,92
llama3.1-8b,3500,490 - 500,8,1.2729096412658691,1.2729096412658691,6.284813737481199,91
llama3.1-8b,3500,490 - 500,8,1.3020515441894531,1.3020515441894531,6.144150003662199,92
llama3.1-8b,3500,490 - 500,8,1.2545084953308105,1.2545084953308105,6.3769994621602155,92
llama3.1-8b,3500,490 - 500,8,1.2507579326629639,1.2507579326629639,6.3961217363357905,92
llama3.1-8b,3500,490 - 500,8,1.256216287612915,1.256216287612915,6.368330102773739,92
llama3.1-8b,3500,490 - 500,8,1.2522122859954834,1.2522122859954834,6.38869310696801,91
llama3.1-8b,3500,490 - 500,8,1.255526065826416,1.255526065826416,6.371831073641802,92
llama3.1-8b,3500,490 - 500,8,1.325883388519287,1.325883388519287,6.033713122338908,92
llama3.1-8b,3500,490 - 500,8,1.2578039169311523,1.2578039169311523,6.360291848604485,92
llama3.1-8b,3500,490 - 500,8,1.3693757057189941,1.3693757057189941,5.842078230677811,92
llama3.1-8b,3500,490 - 500,8,1.3133833408355713,1.3133833408355713,6.091138627440196,92
llama3.1-8b,3500,490 - 500,8,1.307222843170166,1.307222843170166,6.1198440968175545,92
llama3.1-8b,3500,490 - 500,8,1.2578768730163574,1.2578768730163574,6.359922955588013,92
llama3.1-8b,3500,490 - 500,8,1.2466163635253906,1.2466163635253906,6.417371241122056,92
llama3.1-8b,3500,490 - 500,8,1.3144521713256836,1.3144521713256836,6.086185693566654,92
llama3.1-8b,3500,490 - 500,8,1.3417565822601318,1.3417565822601318,5.9623333365910085,91
llama3.1-8b,3500,490 - 500,8,1.3884360790252686,1.3884360790252686,5.761878505502597,92
llama3.1-8b,3500,490 - 500,8,1.2584021091461182,1.2584021091461182,6.357268429427821,92
llama3.1-8b,3500,490 - 500,8,1.2524819374084473,1.2524819374084473,6.387317661884267,92
llama3.1-8b,3500,490 - 500,8,1.3159189224243164,1.3159189224243164,6.079401902103213,92
llama3.1-8b,3500,490 - 500,8,1.2671551704406738,1.2671551704406738,6.313354659806873,92
llama3.1-8b,3500,490 - 500,8,1.2493360042572021,1.2493360042572021,6.403401465049775,92
llama3.1-8b,3500,490 - 500,8,1.3045518398284912,1.3045518398284912,6.132374165408219,91
llama3.1-8b,3500,490 - 500,8,1.2924940586090088,1.2924940586090088,6.189583578132387,92
llama3.1-8b,3500,490 - 500,8,1.249415636062622,1.249415636062622,6.402993342720605,92
llama3.1-8b,3500,490 - 500,8,1.274155855178833,1.274155855178833,6.278666748250486,92
llama3.1-8b,3500,490 - 500,8,1.2665386199951172,1.2665386199951172,6.31642799809045,92
llama3.1-8b,3500,490 - 500,8,1.2644968032836914,1.2644968032836914,6.326627302833276,92
llama3.1-8b,3500,490 - 500,8,1.2925550937652588,1.2925550937652588,6.1892913026211644,92
llama3.1-8b,3500,490 - 500,8,1.3161075115203857,1.3161075115203857,6.078530765893349,92
llama3.1-8b,3500,490 - 500,8,1.2540931701660156,1.2540931701660156,6.379111369325908,91
llama3.1-8b,3500,490 - 500,8,1.2935256958007812,1.2935256958007812,6.184647143826123,91
llama3.1-8b,3500,490 - 500,8,1.2646288871765137,1.2646288871765137,6.325966519601873,92
llama3.1-8b,3500,490 - 500,8,1.4996514320373535,1.4996514320373535,5.33457297415546,42
llama3.1-8b,3500,490 - 500,8,1.3316776752471924,1.3316776752471924,6.007459724452467,92
llama3.1-8b,3500,490 - 500,8,1.2723746299743652,1.2723746299743652,6.287456391802764,92
llama3.1-8b,3500,490 - 500,8,1.3215110301971436,1.3215110301971436,6.053676297205447,92
llama3.1-8b,3500,490 - 500,8,1.2565014362335205,1.2565014362335205,6.366884883140875,92
llama3.1-8b,3500,490 - 500,8,1.2761270999908447,1.2761270999908447,6.268968036222563,92
llama3.1-8b,3500,490 - 500,8,1.3456969261169434,1.3456969261169434,5.944874989856956,92
llama3.1-8b,3500,490 - 500,8,1.450582504272461,1.450582504272461,5.515025844057313,92
llama3.1-8b,3500,490 - 500,8,1.2741737365722656,1.2741737365722656,6.278578635219166,92
llama3.1-8b,3500,490 - 500,8,1.2493765354156494,1.2493765354156494,6.403193731614718,91
llama3.1-8b,3500,490 - 500,8,1.2552754878997803,1.2552754878997803,6.373103017716786,92
llama3.1-8b,3500,490 - 500,8,1.2665677070617676,1.2665677070617676,6.316282939629581,92
llama3.1-8b,3500,490 - 500,8,1.265486717224121,1.265486717224121,6.321678363837918,92
llama3.1-8b,3500,490 - 500,8,1.2527649402618408,1.2527649402618408,6.385874750236798,91
llama3.1-8b,3500,490 - 500,8,1.2556028366088867,1.2556028366088867,6.371441483523787,92
llama3.1-8b,3500,490 - 500,8,1.2562830448150635,1.2562830448150635,6.367991698222493,92
llama3.1-8b,3500,490 - 500,8,1.25510835647583,1.25510835647583,6.3739516661835385,92
llama3.1-8b,3500,490 - 500,8,1.314584732055664,1.314584732055664,6.085571971834868,92
llama3.1-8b,3500,490 - 500,8,1.257004976272583,1.257004976272583,6.3643343908808765,92
llama3.1-8b,3500,490 - 500,8,1.2559731006622314,1.2559731006622314,6.369563166425997,92
llama3.1-8b,3500,490 - 500,8,1.2547101974487305,1.2547101974487305,6.3759743216137315,92
llama3.1-8b,3500,490 - 500,8,1.2477431297302246,1.2477431297302246,6.411576076343282,92
llama3.1-8b,3500,490 - 500,8,1.2636816501617432,1.2636816501617432,6.330708370241865,91
llama3.1-8b,3500,490 - 500,8,1.320174217224121,1.320174217224121,6.05980627073697,92
llama3.1-8b,3500,490 - 500,8,1.2720961570739746,1.2720961570739746,6.288832770630551,92
llama3.1-8b,3500,490 - 500,8,1.244995355606079,1.244995355606079,6.425726782013176,92
llama3.1-8b,3500,490 - 500,8,1.2549641132354736,1.2549641132354736,6.374684276329526,92
llama3.1-8b,3500,490 - 500,8,1.3032374382019043,1.3032374382019043,6.138559072579834,92
llama3.1-8b,3500,490 - 500,8,1.2732510566711426,1.2732510566711426,6.283128498566213,92
llama3.1-8b,3500,490 - 500,8,1.2503159046173096,1.2503159046173096,6.398382977019396,92
llama3.1-8b,3500,490 - 500,8,1.2478413581848145,1.2478413581848145,6.411071365383565,92
llama3.1-8b,3500,490 - 500,8,1.2549104690551758,1.2549104690551758,6.374956777612361,91
llama3.1-8b,3500,490 - 500,8,1.248225212097168,1.248225212097168,6.4090998342831424,92
llama3.1-8b,3500,490 - 500,8,1.2669930458068848,1.2669930458068848,6.314162517683906,92
llama3.1-8b,3500,490 - 500,8,1.2839674949645996,1.2839674949645996,6.230687327657441,92
llama3.1-8b,3500,490 - 500,8,1.2540340423583984,1.2540340423583984,6.3794121449484775,92
llama3.1-8b,3500,490 - 500,8,1.3087103366851807,1.3087103366851807,6.112888219606425,91
llama3.1-8b,3500,490 - 500,8,1.2848894596099854,1.2848894596099854,6.226216535723093,92
llama3.1-8b,3500,490 - 500,8,1.2741069793701172,1.2741069793701172,6.278907603155094,92
llama3.1-8b,3500,490 - 500,8,1.2578797340393066,1.2578797340393066,6.359908490067154,91
llama3.1-8b,3500,490 - 500,8,1.2560603618621826,1.2560603618621826,6.369120659248839,92
llama3.1-8b,3500,490 - 500,8,1.2559890747070312,1.2559890747070312,6.3694821564160975,92
llama3.1-8b,3500,490 - 500,8,1.2560534477233887,1.2560534477233887,6.369155719050086,91
llama3.1-8b,3500,490 - 500,8,1.2777891159057617,1.2777891159057617,6.260814011026533,92
llama3.1-8b,3500,490 - 500,8,1.2766945362091064,1.2766945362091064,6.266181747557586,92
llama3.1-8b,3500,490 - 500,8,1.250335931777954,1.250335931777954,6.398280491406938,91
llama3.1-8b,3500,490 - 500,8,1.2560758590698242,1.2560758590698242,6.369042078337792,92
llama3.1-8b,3500,490 - 500,8,1.2491283416748047,1.2491283416748047,6.404466004889274,92
llama3.1-8b,3500,490 - 500,8,1.2526445388793945,1.2526445388793945,6.386488546189435,92
llama3.1-8b,3500,490 - 500,8,1.2678253650665283,1.2678253650665283,6.310017310294312,92
llama3.1-8b,3500,490 - 500,8,1.2919573783874512,1.2919573783874512,6.192154736548006,92
llama3.1-8b,3500,490 - 500,8,1.3206896781921387,1.3206896781921387,6.057441147682031,92
llama3.1-8b,3500,490 - 500,8,1.3245253562927246,1.3245253562927246,6.039899471907107,92
llama3.1-8b,3500,490 - 500,8,1.2531871795654297,1.2531871795654297,6.383723142439246,92
llama3.1-8b,3500,490 - 500,8,1.2726891040802002,1.2726891040802002,6.285902797747116,92
llama3.1-8b,3500,490 - 500,8,1.3335015773773193,1.3335015773773193,5.999242997322956,92
llama3.1-8b,3500,490 - 500,8,1.3036210536956787,1.3036210536956787,6.1367526838574245,92
llama3.1-8b,3500,490 - 500,8,1.3027434349060059,1.3027434349060059,6.14088682824735,92
llama3.1-8b,3500,490 - 500,8,1.2564504146575928,1.2564504146575928,6.367143427765238,92
llama3.1-8b,3500,490 - 500,8,1.3306620121002197,1.3306620121002197,6.012045077752978,92
llama3.1-8b,3500,490 - 500,8,1.2719364166259766,1.2719364166259766,6.289622575019382,91
llama3.1-8b,3500,490 - 500,8,1.2468180656433105,1.2468180656433105,6.416333080538342,92
llama3.1-8b,3500,490 - 500,8,1.3758869171142578,1.3758869171142578,5.814431331885145,92
llama3.1-8b,3500,490 - 500,8,1.2949120998382568,1.2949120998382568,6.178025520805044,92
llama3.1-8b,3500,490 - 500,8,1.279719352722168,1.279719352722168,6.251370648558779,92
llama3.1-8b,3500,490 - 500,8,1.296565055847168,1.296565055847168,6.170149321796157,92
llama3.1-8b,3500,490 - 500,8,1.2559540271759033,1.2559540271759033,6.369659897495241,91
llama3.1-8b,3500,490 - 500,12,1.3903300762176514,1.3903300762176514,8.63104395514885,90
llama3.1-8b,3500,490 - 500,12,1.340264081954956,1.340264081954956,8.953459367870533,90
llama3.1-8b,3500,490 - 500,12,1.3872005939483643,1.3872005939483643,8.650515327307216,90
llama3.1-8b,3500,490 - 500,12,1.3415231704711914,1.3415231704711914,8.945056085602433,90
llama3.1-8b,3500,490 - 500,12,1.3365464210510254,1.3365464210510254,8.97836379716876,90
llama3.1-8b,3500,490 - 500,12,1.3010637760162354,1.3010637760162354,9.22322196744509,90
llama3.1-8b,3500,490 - 500,12,1.3456854820251465,1.3456854820251465,8.917388320145196,90
llama3.1-8b,3500,490 - 500,12,1.3003311157226562,1.3003311157226562,9.228418711899412,90
llama3.1-8b,3500,490 - 500,12,1.3520455360412598,1.3520455360412598,8.875440715654863,90
llama3.1-8b,3500,490 - 500,12,1.3692522048950195,1.3692522048950195,8.763907742562328,89
llama3.1-8b,3500,490 - 500,12,1.3142728805541992,1.3142728805541992,9.130523940309772,90
llama3.1-8b,3500,490 - 500,12,1.3339204788208008,1.3339204788208008,8.996038512436755,90
llama3.1-8b,3500,490 - 500,12,1.3671469688415527,1.3671469688415527,8.777403068938638,90
llama3.1-8b,3500,490 - 500,12,1.3116323947906494,1.3116323947906494,9.148904866683571,90
llama3.1-8b,3500,490 - 500,12,1.3229856491088867,1.3229856491088867,9.070393173261364,89
llama3.1-8b,3500,490 - 500,12,1.4534831047058105,1.4534831047058105,8.256029919542021,90
llama3.1-8b,3500,490 - 500,12,1.3380937576293945,1.3380937576293945,8.967981452405507,90
llama3.1-8b,3500,490 - 500,12,1.3702080249786377,1.3702080249786377,8.757794277396009,90
llama3.1-8b,3500,490 - 500,12,1.3015646934509277,1.3015646934509277,9.219672337748788,90
llama3.1-8b,3500,490 - 500,12,1.3033943176269531,1.3033943176269531,9.20673033303383,90
llama3.1-8b,3500,490 - 500,12,1.303084373474121,1.303084373474121,9.208920192947366,90
llama3.1-8b,3500,490 - 500,12,1.3794994354248047,1.3794994354248047,8.698807474542173,90
llama3.1-8b,3500,490 - 500,12,1.3107051849365234,1.3107051849365234,9.155376920692621,90
llama3.1-8b,3500,490 - 500,12,1.4747366905212402,1.4747366905212402,8.137045804263977,90
llama3.1-8b,3500,490 - 500,12,1.3758304119110107,1.3758304119110107,8.722005194907819,89
llama3.1-8b,3500,490 - 500,12,1.2955880165100098,1.2955880165100098,9.262203607227706,90
llama3.1-8b,3500,490 - 500,12,1.3817789554595947,1.3817789554595947,8.68445705630874,90
llama3.1-8b,3500,490 - 500,12,1.5061919689178467,1.5061919689178467,7.967111927055113,90
llama3.1-8b,3500,490 - 500,12,1.3118832111358643,1.3118832111358643,9.147155705735477,90
llama3.1-8b,3500,490 - 500,12,1.3650262355804443,1.3650262355804443,8.79103982561719,90
llama3.1-8b,3500,490 - 500,12,1.3120644092559814,1.3120644092559814,9.145892469413688,90
llama3.1-8b,3500,490 - 500,12,1.3481171131134033,1.3481171131134033,8.901303813499297,90
llama3.1-8b,3500,490 - 500,12,1.349039077758789,1.349039077758789,8.89522045568618,91
llama3.1-8b,3500,490 - 500,12,1.3248534202575684,1.3248534202575684,9.057605782281218,90
llama3.1-8b,3500,490 - 500,12,1.3153278827667236,1.3153278827667236,9.12320050173241,90
llama3.1-8b,3500,490 - 500,12,1.356534719467163,1.356534719467163,8.84606919955098,90
llama3.1-8b,3500,490 - 500,12,1.3756892681121826,1.3756892681121826,8.72290006046732,90
llama3.1-8b,3500,490 - 500,12,1.3497774600982666,1.3497774600982666,8.890354413776013,90
llama3.1-8b,3500,490 - 500,12,1.323561668395996,1.323561668395996,9.066445702180703,90
llama3.1-8b,3500,490 - 500,12,1.4393830299377441,1.4393830299377441,8.336905292345305,90
llama3.1-8b,3500,490 - 500,12,1.3212227821350098,1.3212227821350098,9.082495520254945,90
llama3.1-8b,3500,490 - 500,12,1.3919646739959717,1.3919646739959717,8.620908435521638,90
llama3.1-8b,3500,490 - 500,12,1.3350486755371094,1.3350486755371094,8.988436316879778,90
llama3.1-8b,3500,490 - 500,12,1.6058857440948486,1.6058857440948486,7.472511692769123,90
llama3.1-8b,3500,490 - 500,12,1.322234869003296,1.322234869003296,9.07554344641178,90
llama3.1-8b,3500,490 - 500,12,1.3102257251739502,1.3102257251739502,9.158727209700327,90
llama3.1-8b,3500,490 - 500,12,1.3198742866516113,1.3198742866516113,9.09177496778333,90
llama3.1-8b,3500,490 - 500,12,1.3120458126068115,1.3120458126068115,9.146022101284744,90
llama3.1-8b,3500,490 - 500,12,1.3023881912231445,1.3023881912231445,9.213842755077607,90
llama3.1-8b,3500,490 - 500,12,1.3103539943695068,1.3103539943695068,9.157830671378195,90
llama3.1-8b,3500,490 - 500,12,1.369051456451416,1.369051456451416,8.765192822703701,90
llama3.1-8b,3500,490 - 500,12,1.3138325214385986,1.3138325214385986,9.133584231010234,90
llama3.1-8b,3500,490 - 500,12,1.3044869899749756,1.3044869899749756,9.199018535424566,90
llama3.1-8b,3500,490 - 500,12,1.3158793449401855,1.3158793449401855,9.119377126894161,90
llama3.1-8b,3500,490 - 500,12,1.4081969261169434,1.4081969261169434,8.52153543119115,90
llama3.1-8b,3500,490 - 500,12,1.2962169647216797,1.2962169647216797,9.257709416398981,90
llama3.1-8b,3500,490 - 500,12,1.3708109855651855,1.3708109855651855,8.753942101691283,90
llama3.1-8b,3500,490 - 500,12,1.3209936618804932,1.3209936618804932,9.084070837188928,90
llama3.1-8b,3500,490 - 500,12,1.3030993938446045,1.3030993938446045,9.208814044948445,90
llama3.1-8b,3500,490 - 500,12,1.3029882907867432,1.3029882907867432,9.209599261060443,90
llama3.1-8b,3500,490 - 500,12,1.3027396202087402,1.3027396202087402,9.211357215095077,90
llama3.1-8b,3500,490 - 500,12,1.3397822380065918,1.3397822380065918,8.956679421167964,90
llama3.1-8b,3500,490 - 500,12,1.3209712505340576,1.3209712505340576,9.084224955803164,90
llama3.1-8b,3500,490 - 500,12,1.3750622272491455,1.3750622272491455,8.726877782110538,90
llama3.1-8b,3500,490 - 500,12,1.3362607955932617,1.3362607955932617,8.980282920500068,90
llama3.1-8b,3500,490 - 500,12,1.3032798767089844,1.3032798767089844,9.207538775402682,90
llama3.1-8b,3500,490 - 500,12,1.302342414855957,1.302342414855957,9.214166614797104,90
llama3.1-8b,3500,490 - 500,12,1.3364412784576416,1.3364412784576416,8.979070157013515,90
llama3.1-8b,3500,490 - 500,12,1.510699987411499,1.510699987411499,7.94333759184134,90
llama3.1-8b,3500,490 - 500,12,1.3027677536010742,1.3027677536010742,9.21115829496849,91
llama3.1-8b,3500,490 - 500,12,1.2958614826202393,1.2958614826202393,9.260249001101515,90
llama3.1-8b,3500,490 - 500,12,1.3114745616912842,1.3114745616912842,9.150005917403949,90
llama3.1-8b,3500,490 - 500,12,1.348409652709961,1.348409652709961,8.89937266162627,90
llama3.1-8b,3500,490 - 500,12,1.427699327468872,1.427699327468872,8.405131086861589,90
llama3.1-8b,3500,490 - 500,12,1.3289821147918701,1.3289821147918701,9.029466887806313,91
llama3.1-8b,3500,490 - 500,12,1.386794090270996,1.386794090270996,8.653051007489552,90
llama3.1-8b,3500,490 - 500,12,1.3684253692626953,1.3684253692626953,8.769203107119809,90
llama3.1-8b,3500,490 - 500,12,1.364551305770874,1.364551305770874,8.794099532388676,90
llama3.1-8b,3500,490 - 500,12,1.3850069046020508,1.3850069046020508,8.664216734318677,91
llama3.1-8b,3500,490 - 500,12,1.3170397281646729,1.3170397281646729,9.111342462480076,90
llama3.1-8b,3500,490 - 500,12,1.466937780380249,1.466937780380249,8.180306050123985,90
llama3.1-8b,3500,490 - 500,12,1.3252358436584473,1.3252358436584473,9.054992028341754,91
llama3.1-8b,3500,490 - 500,12,1.3643982410430908,1.3643982410430908,8.795086096582715,90
llama3.1-8b,3500,490 - 500,12,1.209672212600708,1.209672212600708,3.3066808994481973,94
llama3.1-8b,3500,490 - 500,16,1.441338300704956,1.441338300704956,11.100794304969504,89
llama3.1-8b,3500,490 - 500,16,1.4228134155273438,1.4228134155273438,11.245325511686891,89
llama3.1-8b,3500,490 - 500,16,1.370117425918579,1.370117425918579,11.67783118244262,89
llama3.1-8b,3500,490 - 500,16,1.3633956909179688,1.3633956909179688,11.735404553924669,88
llama3.1-8b,3500,490 - 500,16,1.3682115077972412,1.3682115077972412,11.694098396935193,89
llama3.1-8b,3500,490 - 500,16,1.3257074356079102,1.3257074356079102,12.069027879188981,89
llama3.1-8b,3500,490 - 500,16,1.3878111839294434,1.3878111839294434,11.528945857532046,89
llama3.1-8b,3500,490 - 500,16,1.3953113555908203,1.3953113555908203,11.466974690552188,88
llama3.1-8b,3500,490 - 500,16,1.359405279159546,1.359405279159546,11.769852777011446,89
llama3.1-8b,3500,490 - 500,16,1.4079833030700684,1.4079833030700684,11.363771122223143,89
llama3.1-8b,3500,490 - 500,16,1.3588316440582275,1.3588316440582275,11.77482145780407,89
llama3.1-8b,3500,490 - 500,16,1.4840118885040283,1.4840118885040283,10.78158478644598,88
llama3.1-8b,3500,490 - 500,16,1.3829383850097656,1.3829383850097656,11.569568227645236,88
llama3.1-8b,3500,490 - 500,16,1.4017655849456787,1.4017655849456787,11.414176643964357,88
llama3.1-8b,3500,490 - 500,16,1.3422367572784424,1.3422367572784424,11.920400714134857,88
llama3.1-8b,3500,490 - 500,16,1.3507611751556396,1.3507611751556396,11.84517314702684,88
llama3.1-8b,3500,490 - 500,16,1.424297571182251,1.424297571182251,11.233607585751239,89
llama3.1-8b,3500,490 - 500,16,1.5111520290374756,1.5111520290374756,10.587948593227352,89
llama3.1-8b,3500,490 - 500,16,1.4002056121826172,1.4002056121826172,11.4268932082478,89
llama3.1-8b,3500,490 - 500,16,1.387289047241211,1.387289047241211,11.533285029401696,89
llama3.1-8b,3500,490 - 500,16,1.553426742553711,1.553426742553711,10.299809808666781,89
llama3.1-8b,3500,490 - 500,16,1.3348681926727295,1.3348681926727295,11.986202149265482,89
llama3.1-8b,3500,490 - 500,16,1.4107530117034912,1.4107530117034912,11.341460813668526,89
llama3.1-8b,3500,490 - 500,16,1.3874967098236084,1.3874967098236084,11.531558876297494,88
llama3.1-8b,3500,490 - 500,16,1.3729324340820312,1.3729324340820312,11.653887403933249,89
llama3.1-8b,3500,490 - 500,16,1.366623878479004,1.366623878479004,11.70768362236385,88
llama3.1-8b,3500,490 - 500,16,1.3845348358154297,1.3845348358154297,11.55622782909374,88
llama3.1-8b,3500,490 - 500,16,1.4084515571594238,1.4084515571594238,11.359993120579118,88
llama3.1-8b,3500,490 - 500,16,1.3938648700714111,1.3938648700714111,11.478874562051542,89
llama3.1-8b,3500,490 - 500,16,1.471665382385254,1.471665382385254,10.872036667783428,88
llama3.1-8b,3500,490 - 500,16,1.4344441890716553,1.4344441890716553,11.154146060123045,88
llama3.1-8b,3500,490 - 500,16,1.362985372543335,1.362985372543335,11.738937425384067,88
llama3.1-8b,3500,490 - 500,16,1.6417930126190186,1.6417930126190186,9.745442864613308,89
llama3.1-8b,3500,490 - 500,16,1.3552181720733643,1.3552181720733643,11.806217131461137,89
llama3.1-8b,3500,490 - 500,16,1.353348731994629,1.353348731994629,11.822525578029285,88
llama3.1-8b,3500,490 - 500,16,1.3491790294647217,1.3491790294647217,11.859063660623232,88
llama3.1-8b,3500,490 - 500,16,1.3413937091827393,1.3413937091827393,11.927892527353658,88
llama3.1-8b,3500,490 - 500,16,1.3986258506774902,1.3986258506774902,11.43979999529513,88
llama3.1-8b,3500,490 - 500,16,1.3491768836975098,1.3491768836975098,11.859082521597113,88
llama3.1-8b,3500,490 - 500,16,1.3424437046051025,1.3424437046051025,11.91856309885755,88
llama3.1-8b,3500,490 - 500,16,1.4225623607635498,1.4225623607635498,11.247310094309059,88
llama3.1-8b,3500,490 - 500,16,1.3506526947021484,1.3506526947021484,11.84612451650895,89
llama3.1-8b,3500,490 - 500,16,1.3987517356872559,1.3987517356872559,11.43877043493972,88
llama3.1-8b,3500,490 - 500,16,1.3617074489593506,1.3617074489593506,11.749954083182539,88
llama3.1-8b,3500,490 - 500,16,1.3410389423370361,1.3410389423370361,11.931048006791443,88
llama3.1-8b,3500,490 - 500,16,1.3436744213104248,1.3436744213104248,11.907646485073315,88
llama3.1-8b,3500,490 - 500,16,1.3682286739349365,1.3682286739349365,11.693951679864334,88
llama3.1-8b,3500,490 - 500,16,1.428555965423584,1.428555965423584,11.200121232391346,88
llama3.1-8b,3500,490 - 500,16,1.3676857948303223,1.3676857948303223,11.698593390731963,88
llama3.1-8b,3500,490 - 500,16,1.3408069610595703,1.3408069610595703,11.933112270953627,89
llama3.1-8b,3500,490 - 500,16,1.3657200336456299,1.3657200336456299,11.715431864384293,88
llama3.1-8b,3500,490 - 500,16,1.5394067764282227,1.5394067764282227,10.393614114862919,89
llama3.1-8b,3500,490 - 500,16,1.3295807838439941,1.3295807838439941,12.033868264658489,89
llama3.1-8b,3500,490 - 500,16,1.345618724822998,1.345618724822998,11.890440958381157,89
llama3.1-8b,3500,490 - 500,16,1.4388902187347412,1.4388902187347412,11.119680842690885,88
llama3.1-8b,3500,490 - 500,16,1.4179208278656006,1.4179208278656006,11.284127918541712,88
llama3.1-8b,3500,490 - 500,16,1.4465699195861816,1.4465699195861816,11.060647524439814,88
llama3.1-8b,3500,490 - 500,16,1.4474561214447021,1.4474561214447021,11.053875667077522,88
llama3.1-8b,3500,490 - 500,16,1.4185700416564941,1.4185700416564941,11.278963695945857,88
llama3.1-8b,3500,490 - 500,16,1.3509385585784912,1.3509385585784912,11.843617830285195,88
llama3.1-8b,3500,490 - 500,16,1.510589838027954,1.510589838027954,10.591889073534144,88
llama3.1-8b,3500,490 - 500,16,1.408170223236084,1.408170223236084,11.362262698064132,88
llama3.1-8b,3500,490 - 500,16,1.2564399242401123,1.2564399242401123,6.3671965890755615,91
llama3.1-8b,3500,490 - 500,20,1.5208897590637207,1.5208897590637207,13.150197034867443,87
llama3.1-8b,3500,490 - 500,20,1.532938003540039,1.532938003540039,13.046842046980158,87
llama3.1-8b,3500,490 - 500,20,1.452197790145874,1.452197790145874,13.772228642484706,87
llama3.1-8b,3500,490 - 500,20,1.4449546337127686,1.4449546337127686,13.84126500124823,88
llama3.1-8b,3500,490 - 500,20,1.3857300281524658,1.3857300281524658,14.432825726281719,87
llama3.1-8b,3500,490 - 500,20,1.5092713832855225,1.5092713832855225,13.251427292328394,87
llama3.1-8b,3500,490 - 500,20,1.422605037689209,1.422605037689209,14.05871585586872,87
llama3.1-8b,3500,490 - 500,20,1.5062592029571533,1.5062592029571533,13.277927172650719,86
llama3.1-8b,3500,490 - 500,20,1.4262220859527588,1.4262220859527588,14.02306148319068,87
llama3.1-8b,3500,490 - 500,20,1.5865840911865234,1.5865840911865234,12.605698059812918,87
llama3.1-8b,3500,490 - 500,20,1.4938769340515137,1.4938769340515137,13.38798367129105,87
llama3.1-8b,3500,490 - 500,20,1.3944289684295654,1.3944289684295654,14.34278866317903,87
llama3.1-8b,3500,490 - 500,20,1.465487003326416,1.465487003326416,13.64734040943609,87
llama3.1-8b,3500,490 - 500,20,1.5768625736236572,1.5768625736236572,12.683413465790908,88
llama3.1-8b,3500,490 - 500,20,1.5454528331756592,1.5454528331756592,12.941190808717979,87
llama3.1-8b,3500,490 - 500,20,1.45808744430542,1.45808744430542,13.716598464728756,88
llama3.1-8b,3500,490 - 500,20,1.6354596614837646,1.6354596614837646,12.228977865375827,87
llama3.1-8b,3500,490 - 500,20,1.473625898361206,1.473625898361206,13.571965600117137,87
llama3.1-8b,3500,490 - 500,20,1.4109077453613281,1.4109077453613281,14.175271250550882,88
llama3.1-8b,3500,490 - 500,20,1.5068013668060303,1.5068013668060303,13.273149627142985,88
llama3.1-8b,3500,490 - 500,20,1.457587480545044,1.457587480545044,13.721303363912872,87
llama3.1-8b,3500,490 - 500,20,1.550412893295288,1.550412893295288,12.899789524770707,88
llama3.1-8b,3500,490 - 500,20,1.463519811630249,1.463519811630249,13.665684496420674,87
llama3.1-8b,3500,490 - 500,20,1.5611600875854492,1.5611600875854492,12.810985983463603,87
llama3.1-8b,3500,490 - 500,20,1.5118210315704346,1.5118210315704346,13.229079092268346,88
llama3.1-8b,3500,490 - 500,20,1.5398738384246826,1.5398738384246826,12.988077010555841,88
llama3.1-8b,3500,490 - 500,20,1.6289207935333252,1.6289207935333252,12.278067834481746,88
llama3.1-8b,3500,490 - 500,20,1.4224646091461182,1.4224646091461182,14.06010376033585,88
llama3.1-8b,3500,490 - 500,20,1.416334629058838,1.416334629058838,14.12095672142826,88
llama3.1-8b,3500,490 - 500,20,1.4093103408813477,1.4093103408813477,14.191338429754582,87
llama3.1-8b,3500,490 - 500,20,1.4997761249542236,1.4997761249542236,13.33532363079219,87
llama3.1-8b,3500,490 - 500,20,1.3994276523590088,1.3994276523590088,14.291556956364333,87
llama3.1-8b,3500,490 - 500,20,1.530665636062622,1.530665636062622,13.066210888124862,87
llama3.1-8b,3500,490 - 500,20,1.3998818397521973,1.3998818397521973,14.2869201042999,87
llama3.1-8b,3500,490 - 500,20,1.5112977027893066,1.5112977027893066,13.23366002812501,87
llama3.1-8b,3500,490 - 500,20,1.3995661735534668,1.3995661735534668,14.290142458373692,87
llama3.1-8b,3500,490 - 500,20,1.6043505668640137,1.6043505668640137,12.466103364860917,87
llama3.1-8b,3500,490 - 500,20,1.4866712093353271,1.4866712093353271,13.452873691514991,88
llama3.1-8b,3500,490 - 500,20,1.478053331375122,1.478053331375122,13.531311472633261,87
llama3.1-8b,3500,490 - 500,20,1.3904438018798828,1.3904438018798828,14.383896690366026,88
llama3.1-8b,3500,490 - 500,20,1.4562602043151855,1.4562602043151855,13.733809343094087,88
llama3.1-8b,3500,490 - 500,20,1.4119646549224854,1.4119646549224854,14.164660517722357,88
llama3.1-8b,3500,490 - 500,20,1.3939087390899658,1.3939087390899658,14.348141624434682,88
llama3.1-8b,3500,490 - 500,20,1.537229061126709,1.537229061126709,13.01042278327801,87
llama3.1-8b,3500,490 - 500,20,1.5238089561462402,1.5238089561462402,13.125004889445337,88
llama3.1-8b,3500,490 - 500,20,1.555570125579834,1.555570125579834,12.857022432559935,87
llama3.1-8b,3500,490 - 500,20,1.4870250225067139,1.4870250225067139,13.44967280125893,88
llama3.1-8b,3500,490 - 500,20,1.495232343673706,1.495232343673706,13.375847629714235,88
llama3.1-8b,3500,490 - 500,20,1.5851423740386963,1.5851423740386963,12.617163182032103,87
llama3.1-8b,3500,490 - 500,20,1.4887208938598633,1.4887208938598633,13.43435165213893,88
llama3.1-8b,3500,490 - 500,24,1.5573866367340088,1.5573866367340088,15.410431445803551,86
llama3.1-8b,3500,490 - 500,24,1.5635771751403809,1.5635771751403809,15.349418232486821,86
llama3.1-8b,3500,490 - 500,24,1.464010238647461,1.464010238647461,16.393327974381258,86
llama3.1-8b,3500,490 - 500,24,1.4751527309417725,1.4751527309417725,16.269501792318028,86
llama3.1-8b,3500,490 - 500,24,1.5363831520080566,1.5363831520080566,15.621103348231813,86
llama3.1-8b,3500,490 - 500,24,1.470048427581787,1.470048427581787,16.325992769829853,85
llama3.1-8b,3500,490 - 500,24,1.509685754776001,1.509685754776001,15.897348122994636,86
llama3.1-8b,3500,490 - 500,24,1.6112141609191895,1.6112141609191895,14.895598972583585,86
llama3.1-8b,3500,490 - 500,24,1.5405473709106445,1.5405473709106445,15.578878295584756,86
llama3.1-8b,3500,490 - 500,24,1.432905673980713,1.432905673980713,16.74918344996591,86
llama3.1-8b,3500,490 - 500,24,1.5241541862487793,1.5241541862487793,15.746438396149648,86
llama3.1-8b,3500,490 - 500,24,1.6203510761260986,1.6203510761260986,14.811604937726642,86
llama3.1-8b,3500,490 - 500,24,1.5122058391571045,1.5122058391571045,15.870855262255482,86
llama3.1-8b,3500,490 - 500,24,1.7231922149658203,1.7231922149658203,13.92763952364771,86
llama3.1-8b,3500,490 - 500,24,1.507929801940918,1.507929801940918,15.915860253646171,86
llama3.1-8b,3500,490 - 500,24,1.5012826919555664,1.5012826919555664,15.986329642379125,86
llama3.1-8b,3500,490 - 500,24,1.5072133541107178,1.5072133541107178,15.923425794061133,86
llama3.1-8b,3500,490 - 500,24,1.5053880214691162,1.5053880214691162,15.942733473180072,86
llama3.1-8b,3500,490 - 500,24,1.551729679107666,1.551729679107666,15.466611435698892,86
llama3.1-8b,3500,490 - 500,24,1.5972254276275635,1.5972254276275635,15.026056801292205,86
llama3.1-8b,3500,490 - 500,24,1.5464389324188232,1.5464389324188232,15.519526504975536,86
llama3.1-8b,3500,490 - 500,24,1.7545688152313232,1.7545688152313232,13.678574354939636,86
llama3.1-8b,3500,490 - 500,24,1.465181827545166,1.465181827545166,16.380219539175368,86
llama3.1-8b,3500,490 - 500,24,1.4601335525512695,1.4601335525512695,16.436852613971617,86
llama3.1-8b,3500,490 - 500,24,1.6231410503387451,1.6231410503387451,14.786145661827273,84
llama3.1-8b,3500,490 - 500,24,1.5285446643829346,1.5285446643829346,15.701209496347085,86
llama3.1-8b,3500,490 - 500,24,1.4506120681762695,1.4506120681762695,16.54474033858904,86
llama3.1-8b,3500,490 - 500,24,1.5471136569976807,1.5471136569976807,15.512758155450747,86
llama3.1-8b,3500,490 - 500,24,1.551053524017334,1.551053524017334,15.473353838775576,86
llama3.1-8b,3500,490 - 500,24,1.4361572265625,1.4361572265625,16.71126221844454,86
llama3.1-8b,3500,490 - 500,24,1.4739935398101807,1.4739935398101807,16.282296598864807,86
llama3.1-8b,3500,490 - 500,24,1.546247959136963,1.546247959136963,15.521443283518112,86
llama3.1-8b,3500,490 - 500,24,1.4811997413635254,1.4811997413635254,16.2030814141965,86
llama3.1-8b,3500,490 - 500,24,1.4722752571105957,1.4722752571105957,16.301299559364356,86
llama3.1-8b,3500,490 - 500,24,1.4635429382324219,1.4635429382324219,16.39856226492797,86
llama3.1-8b,3500,490 - 500,24,1.4370503425598145,1.4370503425598145,16.700876294458034,86
llama3.1-8b,3500,490 - 500,24,1.6214497089385986,1.6214497089385986,14.801569156104389,86
llama3.1-8b,3500,490 - 500,24,1.5727596282958984,1.5727596282958984,15.259801668487798,86
llama3.1-8b,3500,490 - 500,24,1.5644645690917969,1.5644645690917969,15.340711751581873,86
llama3.1-8b,3500,490 - 500,24,1.5353286266326904,1.5353286266326904,15.631832549515616,86
llama3.1-8b,3500,490 - 500,24,1.6416451930999756,1.6416451930999756,14.619480567953888,87
llama3.1-8b,3500,490 - 500,24,1.3900644779205322,1.3900644779205322,11.510257440672975,88
llama3.1-8b,3500,490 - 500,28,1.7007861137390137,1.7007861137390137,16.462975428723787,85
llama3.1-8b,3500,490 - 500,28,1.6620337963104248,1.6620337963104248,16.846829506209588,85
llama3.1-8b,3500,490 - 500,28,1.572160243988037,1.572160243988037,17.80988935897113,85
llama3.1-8b,3500,490 - 500,28,1.597344160079956,1.597344160079956,17.529096546481533,85
llama3.1-8b,3500,490 - 500,28,1.6161677837371826,1.6161677837371826,17.32493388480592,85
llama3.1-8b,3500,490 - 500,28,1.6333355903625488,1.6333355903625488,17.142833453953504,85
llama3.1-8b,3500,490 - 500,28,1.7337610721588135,1.7337610721588135,16.149860813944485,85
llama3.1-8b,3500,490 - 500,28,1.6333589553833008,1.6333589553833008,17.142588227600733,85
llama3.1-8b,3500,490 - 500,28,1.5344929695129395,1.5344929695129395,18.247069589955455,84
llama3.1-8b,3500,490 - 500,28,1.7572441101074219,1.7572441101074219,15.934041172167216,85
llama3.1-8b,3500,490 - 500,28,1.6795084476470947,1.6795084476470947,16.671544605343644,85
llama3.1-8b,3500,490 - 500,28,1.8325378894805908,1.8325378894805908,15.279356656541621,85
llama3.1-8b,3500,490 - 500,28,1.6270277500152588,1.6270277500152588,17.209294678432748,85
llama3.1-8b,3500,490 - 500,28,1.6372222900390625,1.6372222900390625,17.102137058818048,85
llama3.1-8b,3500,490 - 500,28,1.5784275531768799,1.5784275531768799,17.739173358729563,85
llama3.1-8b,3500,490 - 500,28,1.8639318943023682,1.8639318943023682,15.0220080924576,20
llama3.1-8b,3500,490 - 500,28,1.6810128688812256,1.6810128688812256,16.656624418726196,85
llama3.1-8b,3500,490 - 500,28,1.7073695659637451,1.7073695659637451,16.399495784730746,85
llama3.1-8b,3500,490 - 500,28,1.874406099319458,1.874406099319458,14.938064921025374,85
llama3.1-8b,3500,490 - 500,28,1.5747008323669434,1.5747008323669434,17.781155267386893,85
llama3.1-8b,3500,490 - 500,28,1.5499191284179688,1.5499191284179688,18.065458698209707,86
llama3.1-8b,3500,490 - 500,28,1.6314177513122559,1.6314177513122559,17.162985984109692,85
llama3.1-8b,3500,490 - 500,28,1.5398492813110352,1.5398492813110352,18.183597797416034,86
llama3.1-8b,3500,490 - 500,28,1.6595757007598877,1.6595757007598877,16.871782340015788,85
llama3.1-8b,3500,490 - 500,28,1.6463592052459717,1.6463592052459717,17.00722412872026,85
llama3.1-8b,3500,490 - 500,28,1.5322744846343994,1.5322744846343994,18.27348838656724,84
llama3.1-8b,3500,490 - 500,28,1.6015000343322754,1.6015000343322754,17.483608741647163,85
llama3.1-8b,3500,490 - 500,28,1.6525070667266846,1.6525070667266846,16.943951746882934,86
llama3.1-8b,3500,490 - 500,28,1.540952205657959,1.540952205657959,18.17058303118785,84
llama3.1-8b,3500,490 - 500,28,1.600332498550415,1.600332498550415,17.49636405269684,85
llama3.1-8b,3500,490 - 500,28,1.5893008708953857,1.5893008708953857,17.61780951156546,85
llama3.1-8b,3500,490 - 500,28,1.702373743057251,1.702373743057251,16.4476221007236,86
llama3.1-8b,3500,490 - 500,28,1.7172660827636719,1.7172660827636719,16.304986327417804,85
llama3.1-8b,3500,490 - 500,28,1.7012367248535156,1.7012367248535156,16.458614836457244,85
llama3.1-8b,3500,490 - 500,28,1.7220370769500732,1.7220370769500732,16.25981250623897,86
llama3.1-8b,3500,490 - 500,28,1.4899203777313232,1.4899203777313232,13.42353611570416,88
llama3.1-8b,3500,490 - 500,32,1.770970106124878,1.770970106124878,18.06919263590526,84
llama3.1-8b,3500,490 - 500,32,1.6483025550842285,1.6483025550842285,19.413911542692958,84
llama3.1-8b,3500,490 - 500,32,1.6146879196166992,1.6146879196166992,19.818071102926368,84
llama3.1-8b,3500,490 - 500,32,1.688180923461914,1.688180923461914,18.955314300305165,84
llama3.1-8b,3500,490 - 500,32,1.6748099327087402,1.6748099327087402,19.10664570053335,84
llama3.1-8b,3500,490 - 500,32,1.7466070652008057,1.7466070652008057,18.3212358621262,84
llama3.1-8b,3500,490 - 500,32,1.8639233112335205,1.8639233112335205,17.168088304460774,83
llama3.1-8b,3500,490 - 500,32,1.5735218524932861,1.5735218524932861,20.336546295366137,84
llama3.1-8b,3500,490 - 500,32,1.846766471862793,1.846766471862793,17.327583366684312,84
llama3.1-8b,3500,490 - 500,32,1.7051467895507812,1.7051467895507812,18.766712752296453,84
llama3.1-8b,3500,490 - 500,32,1.8047571182250977,1.8047571182250977,17.730917737823162,84
llama3.1-8b,3500,490 - 500,32,1.6995007991790771,1.6995007991790771,18.829058518511555,84
llama3.1-8b,3500,490 - 500,32,1.656252145767212,1.656252145767212,19.320729685863686,84
llama3.1-8b,3500,490 - 500,32,1.7042901515960693,1.7042901515960693,18.77614558180247,84
llama3.1-8b,3500,490 - 500,32,1.7679951190948486,1.7679951190948486,18.099597478743537,85
llama3.1-8b,3500,490 - 500,32,1.7117326259613037,1.7117326259613037,18.69450842653005,84
llama3.1-8b,3500,490 - 500,32,1.9047369956970215,1.9047369956970215,16.800219700825355,83
llama3.1-8b,3500,490 - 500,32,1.6016485691070557,1.6016485691070557,19.97941409696417,84
llama3.1-8b,3500,490 - 500,32,1.6689729690551758,1.6689729690551758,19.173468110820007,83
llama3.1-8b,3500,490 - 500,32,1.5859086513519287,1.5859086513519287,20.177706939628067,84
llama3.1-8b,3500,490 - 500,32,1.6945233345031738,1.6945233345031738,18.88436668202167,84
llama3.1-8b,3500,490 - 500,32,1.6898853778839111,1.6898853778839111,18.93619556615767,84
llama3.1-8b,3500,490 - 500,32,1.5796639919281006,1.5796639919281006,20.257472578672605,84
llama3.1-8b,3500,490 - 500,32,1.7057874202728271,1.7057874202728271,18.75966466846253,84
llama3.1-8b,3500,490 - 500,32,1.616950511932373,1.616950511932373,19.790339756136184,84
llama3.1-8b,3500,490 - 500,32,1.637650489807129,1.637650489807129,19.540188947013192,84
llama3.1-8b,3500,490 - 500,32,1.5786993503570557,1.5786993503570557,20.269850616434685,83
llama3.1-8b,3500,490 - 500,32,1.7766528129577637,1.7766528129577637,18.011397481045574,84
llama3.1-8b,3500,490 - 500,32,1.795186996459961,1.795186996459961,17.8254410616291,84
llama3.1-8b,3500,490 - 500,32,1.6911802291870117,1.6911802291870117,18.921697077420966,84
llama3.1-8b,3500,490 - 500,32,2.008605718612671,2.008605718612671,15.931449215479763,20
llama3.1-8b,3500,490 - 500,32,1.2552027702331543,1.2552027702331543,6.373472230716953,92
llama3.1-8b,3500,490 - 500,36,1.8174035549163818,1.8174035549163818,19.808478916316606,82
llama3.1-8b,3500,490 - 500,36,1.6886107921600342,1.6886107921600342,21.3192999636995,82
llama3.1-8b,3500,490 - 500,36,1.6936593055725098,1.6936593055725098,21.255750717722343,82
llama3.1-8b,3500,490 - 500,36,1.7146716117858887,1.7146716117858887,20.995273819518584,82
llama3.1-8b,3500,490 - 500,36,1.7164583206176758,1.7164583206176758,20.973419259632955,83
llama3.1-8b,3500,490 - 500,36,1.8463473320007324,1.8463473320007324,19.497956519908854,83
llama3.1-8b,3500,490 - 500,36,1.619626760482788,1.619626760482788,22.227343285726462,82
llama3.1-8b,3500,490 - 500,36,1.8937010765075684,1.8937010765075684,19.01039210813171,83
llama3.1-8b,3500,490 - 500,36,1.7690446376800537,1.7690446376800537,20.3499670009519,83
llama3.1-8b,3500,490 - 500,36,1.9011421203613281,1.9011421203613281,18.935985697459532,83
llama3.1-8b,3500,490 - 500,36,1.7256097793579102,1.7256097793579102,20.862190531509043,83
llama3.1-8b,3500,490 - 500,36,1.713646411895752,1.713646411895752,21.007834375922602,83
llama3.1-8b,3500,490 - 500,36,1.7563259601593018,1.7563259601593018,20.49733410347971,82
llama3.1-8b,3500,490 - 500,36,1.8492469787597656,1.8492469787597656,19.46738343417174,82
llama3.1-8b,3500,490 - 500,36,1.963961124420166,1.963961124420166,18.330301731725232,82
llama3.1-8b,3500,490 - 500,36,1.649503231048584,1.649503231048584,21.82475264211208,84
llama3.1-8b,3500,490 - 500,36,1.705174446105957,1.705174446105957,21.112209417758898,82
llama3.1-8b,3500,490 - 500,36,1.6446871757507324,1.6446871757507324,21.888660975037684,83
llama3.1-8b,3500,490 - 500,36,1.7958760261535645,1.7958760261535645,20.045927155175274,84
llama3.1-8b,3500,490 - 500,36,1.8290071487426758,1.8290071487426758,19.682809892103304,82
llama3.1-8b,3500,490 - 500,36,1.6814815998077393,1.6814815998077393,21.409690123350885,83
llama3.1-8b,3500,490 - 500,36,1.7369799613952637,1.7369799613952637,20.725627698711207,83
llama3.1-8b,3500,490 - 500,36,1.6734535694122314,1.6734535694122314,21.512398466271346,83
llama3.1-8b,3500,490 - 500,36,1.6133646965026855,1.6133646965026855,22.313615810509386,83
llama3.1-8b,3500,490 - 500,36,1.832366943359375,1.832366943359375,19.64671985077361,84
llama3.1-8b,3500,490 - 500,36,1.8234891891479492,1.8234891891479492,19.742370952482315,82
llama3.1-8b,3500,490 - 500,36,1.8922441005706787,1.8922441005706787,19.02502958743157,84
llama3.1-8b,3500,490 - 500,36,1.6193759441375732,1.6193759441375732,17.29061130083162,85
llama3.1-8b,3500,490 - 500,40,1.8661375045776367,1.8661375045776367,21.43464771587301,82
llama3.1-8b,3500,490 - 500,40,1.7277071475982666,1.7277071475982666,23.15207184018721,82
llama3.1-8b,3500,490 - 500,40,1.7509093284606934,1.7509093284606934,22.845272082230483,82
llama3.1-8b,3500,490 - 500,40,1.7628188133239746,1.7628188133239746,22.69093096673726,82
llama3.1-8b,3500,490 - 500,40,1.8531866073608398,1.8531866073608398,21.584442625000836,82
llama3.1-8b,3500,490 - 500,40,1.7377548217773438,1.7377548217773438,23.018206883229208,82
llama3.1-8b,3500,490 - 500,40,1.8656632900238037,1.8656632900238037,21.4400959776025,82
llama3.1-8b,3500,490 - 500,40,1.8413214683532715,1.8413214683532715,21.723528828332597,82
llama3.1-8b,3500,490 - 500,40,1.9408507347106934,1.9408507347106934,20.60951895198807,82
llama3.1-8b,3500,490 - 500,40,1.9330418109893799,1.9330418109893799,20.692775382611607,83
llama3.1-8b,3500,490 - 500,40,1.8145887851715088,1.8145887851715088,22.043561784836744,82
llama3.1-8b,3500,490 - 500,40,1.851616621017456,1.851616621017456,21.602744081018326,82
llama3.1-8b,3500,490 - 500,40,1.870333194732666,1.870333194732666,21.386563694987704,81
llama3.1-8b,3500,490 - 500,40,1.9090075492858887,1.9090075492858887,20.95329587091627,82
llama3.1-8b,3500,490 - 500,40,1.666611909866333,1.666611909866333,24.00078852383103,81
llama3.1-8b,3500,490 - 500,40,1.738886833190918,1.738886833190918,23.003222082370137,81
llama3.1-8b,3500,490 - 500,40,1.7769196033477783,1.7769196033477783,22.510866515647983,82
llama3.1-8b,3500,490 - 500,40,1.7545175552368164,1.7545175552368164,22.798289980404892,82
llama3.1-8b,3500,490 - 500,40,1.7507755756378174,1.7507755756378174,22.847017377100304,81
llama3.1-8b,3500,490 - 500,40,1.7233359813690186,1.7233359813690186,23.210796056276845,82
llama3.1-8b,3500,490 - 500,40,1.707193374633789,1.707193374633789,23.430268998425806,82
llama3.1-8b,3500,490 - 500,40,1.7822866439819336,1.7822866439819336,22.44307902719461,82
llama3.1-8b,3500,490 - 500,40,1.8862481117248535,1.8862481117248535,21.206117981702075,82
llama3.1-8b,3500,490 - 500,40,1.8012433052062988,1.8012433052062988,22.206883370161226,81
llama3.1-8b,3500,490 - 500,40,1.9133727550506592,1.9133727550506592,20.90549261476285,82
llama3.1-8b,3500,490 - 500,44,1.8360342979431152,1.8360342979431152,23.96469393262022,79
llama3.1-8b,3500,490 - 500,44,1.6949362754821777,1.6949362754821777,25.959678034197964,79
llama3.1-8b,3500,490 - 500,44,1.9081931114196777,1.9081931114196777,23.05846286556627,79
llama3.1-8b,3500,490 - 500,44,1.7393507957458496,1.7393507957458496,25.29679470502234,79
llama3.1-8b,3500,490 - 500,44,1.877180576324463,1.877180576324463,23.439407244534998,78
llama3.1-8b,3500,490 - 500,44,1.711036205291748,1.711036205291748,25.715411435433406,79
llama3.1-8b,3500,490 - 500,44,1.883392095565796,1.883392095565796,23.362102933102637,81
llama3.1-8b,3500,490 - 500,44,1.9179189205169678,1.9179189205169678,22.94153289240192,79
llama3.1-8b,3500,490 - 500,44,1.7880134582519531,1.7880134582519531,24.60831589210547,79
llama3.1-8b,3500,490 - 500,44,1.7933998107910156,1.7933998107910156,24.534406513956807,79
llama3.1-8b,3500,490 - 500,44,1.819476842880249,1.819476842880249,24.18277548965536,80
llama3.1-8b,3500,490 - 500,44,2.018589973449707,2.018589973449707,21.79739351662655,80
llama3.1-8b,3500,490 - 500,44,1.6726200580596924,1.6726200580596924,26.30603393040844,79
llama3.1-8b,3500,490 - 500,44,1.7237789630889893,1.7237789630889893,25.525314406408917,79
llama3.1-8b,3500,490 - 500,44,1.7502532005310059,1.7502532005310059,25.139219849248626,80
llama3.1-8b,3500,490 - 500,44,1.726851224899292,1.726851224899292,25.479902012152802,81
llama3.1-8b,3500,490 - 500,44,1.654383659362793,1.654383659362793,26.596007371680134,80
llama3.1-8b,3500,490 - 500,44,1.9332940578460693,1.9332940578460693,22.75908303831518,79
llama3.1-8b,3500,490 - 500,44,1.6856157779693604,1.6856157779693604,26.10322030386203,79
llama3.1-8b,3500,490 - 500,44,1.7521941661834717,1.7521941661834717,25.11137227208002,81
llama3.1-8b,3500,490 - 500,44,1.878000259399414,1.878000259399414,23.42917674253742,80
llama3.1-8b,3500,490 - 500,44,1.9079811573028564,1.9079811573028564,23.0610243877874,80
llama3.1-8b,3500,490 - 500,44,1.7002227306365967,1.7002227306365967,18.821063513260157,84
llama3.1-8b,3500,490 - 500,48,1.8826954364776611,1.8826954364776611,25.495361103016908,78
llama3.1-8b,3500,490 - 500,48,1.7171242237091064,1.7171242237091064,27.95371431911705,79
llama3.1-8b,3500,490 - 500,48,1.7875866889953613,1.7875866889953613,26.8518446101075,79
llama3.1-8b,3500,490 - 500,48,1.9081699848175049,1.9081699848175049,25.15499163172859,79
llama3.1-8b,3500,490 - 500,48,1.7633652687072754,1.7633652687072754,27.220679034462805,80
llama3.1-8b,3500,490 - 500,48,1.922987461090088,1.922987461090088,24.96116119903878,79
llama3.1-8b,3500,490 - 500,48,2.0036420822143555,2.0036420822143555,23.956374457334253,79
llama3.1-8b,3500,490 - 500,48,1.7908470630645752,1.7908470630645752,26.802958772962064,78
llama3.1-8b,3500,490 - 500,48,1.7859067916870117,1.7859067916870117,26.87710255844764,79
llama3.1-8b,3500,490 - 500,48,2.0972883701324463,2.0972883701324463,22.88669535556941,79
llama3.1-8b,3500,490 - 500,48,2.0586371421813965,2.0586371421813965,23.316396569595405,79
llama3.1-8b,3500,490 - 500,48,1.7063159942626953,1.7063159942626953,28.130780090789077,79
llama3.1-8b,3500,490 - 500,48,1.7504022121429443,1.7504022121429443,27.422268817425454,79
llama3.1-8b,3500,490 - 500,48,1.7714438438415527,1.7714438438415527,27.096540580088167,79
llama3.1-8b,3500,490 - 500,48,1.769967794418335,1.769967794418335,27.11913750711733,79
llama3.1-8b,3500,490 - 500,48,1.7871360778808594,1.7871360778808594,26.858615073630645,78
llama3.1-8b,3500,490 - 500,48,1.7217280864715576,1.7217280864715576,27.878966706275513,78
llama3.1-8b,3500,490 - 500,48,1.6923203468322754,1.6923203468322754,28.363424271206995,80
llama3.1-8b,3500,490 - 500,48,1.9492182731628418,1.9492182731628418,24.62525652507567,79
llama3.1-8b,3500,490 - 500,48,1.8670952320098877,1.8670952320098877,25.708383363139458,79
llama3.1-8b,3500,490 - 500,48,1.917823314666748,1.917823314666748,20.856978687294053,82
llama3.1-8b,3500,490 - 500,52,1.9628217220306396,1.9628217220306396,26.492472248678467,78
llama3.1-8b,3500,490 - 500,52,1.9615821838378906,1.9615821838378906,26.5092130365196,77
llama3.1-8b,3500,490 - 500,52,1.9232077598571777,1.9232077598571777,27.038160455353847,78
llama3.1-8b,3500,490 - 500,52,1.957136869430542,1.957136869430542,26.569424352590207,78
llama3.1-8b,3500,490 - 500,52,1.8326187133789062,1.8326187133789062,28.374696613309464,79
llama3.1-8b,3500,490 - 500,52,1.9974565505981445,1.9974565505981445,26.033106945144034,78
llama3.1-8b,3500,490 - 500,52,2.08381724357605,2.08381724357605,24.954203714507383,80
llama3.1-8b,3500,490 - 500,52,1.8489205837249756,1.8489205837249756,28.1245178715231,78
llama3.1-8b,3500,490 - 500,52,1.907189130783081,1.907189130783081,27.26525605703777,78
llama3.1-8b,3500,490 - 500,52,2.0685911178588867,2.0685911178588867,25.13788227700748,78
llama3.1-8b,3500,490 - 500,52,1.9839379787445068,1.9839379787445068,26.210496778184115,78
llama3.1-8b,3500,490 - 500,52,1.830505609512329,1.830505609512329,28.407451870007375,77
llama3.1-8b,3500,490 - 500,52,1.8475298881530762,1.8475298881530762,28.145688106828377,78
llama3.1-8b,3500,490 - 500,52,2.0084388256073,2.0084388256073,25.89075621174399,78
llama3.1-8b,3500,490 - 500,52,1.8943688869476318,1.8943688869476318,27.4497751511253,78
llama3.1-8b,3500,490 - 500,52,1.7898306846618652,1.7898306846618652,29.053027443109144,78
llama3.1-8b,3500,490 - 500,52,1.8598847389221191,1.8598847389221191,27.958721802371567,78
llama3.1-8b,3500,490 - 500,52,2.027390241622925,2.027390241622925,25.64873744206938,77
llama3.1-8b,3500,490 - 500,52,2.061129570007324,2.061129570007324,25.228884567317724,79
llama3.1-8b,3500,490 - 500,52,1.3064501285552979,1.3064501285552979,9.185195621106388,90
llama3.1-8b,3500,490 - 500,56,2.016408920288086,2.016408920288086,27.77214454694995,78
llama3.1-8b,3500,490 - 500,56,1.830963134765625,1.830963134765625,30.58499591646249,77
llama3.1-8b,3500,490 - 500,56,1.9115698337554932,1.9115698337554932,29.29529385279204,76
llama3.1-8b,3500,490 - 500,56,2.026268243789673,2.026268243789673,27.63701211408454,78
llama3.1-8b,3500,490 - 500,56,1.9669315814971924,1.9669315814971924,28.470741192418,77
llama3.1-8b,3500,490 - 500,56,2.1483266353607178,2.1483266353607178,26.066799656187868,78
llama3.1-8b,3500,490 - 500,56,2.1047630310058594,2.1047630310058594,26.606320604765557,77
llama3.1-8b,3500,490 - 500,56,1.9221830368041992,1.9221830368041992,29.133541878043516,76
llama3.1-8b,3500,490 - 500,56,2.0486998558044434,2.0486998558044434,27.334409108947302,78
llama3.1-8b,3500,490 - 500,56,2.116603374481201,2.116603374481201,26.45748404030874,78
llama3.1-8b,3500,490 - 500,56,1.8678545951843262,1.8678545951843262,29.98092043373094,77
llama3.1-8b,3500,490 - 500,56,1.8777036666870117,1.8777036666870117,29.8236622708446,78
llama3.1-8b,3500,490 - 500,56,1.8595764636993408,1.8595764636993408,30.114384158528566,77
llama3.1-8b,3500,490 - 500,56,1.9202675819396973,1.9202675819396973,29.162602403272036,77
llama3.1-8b,3500,490 - 500,56,1.8240528106689453,1.8240528106689453,30.700865497124944,77
llama3.1-8b,3500,490 - 500,56,1.948838472366333,1.948838472366333,28.735064908690592,77
llama3.1-8b,3500,490 - 500,56,2.070019006729126,2.070019006729126,27.052891697108908,78
llama3.1-8b,3500,490 - 500,56,1.9136412143707275,1.9136412143707275,25.083071810712482,79
llama3.1-8b,3500,490 - 500,60,2.283127784729004,2.283127784729004,26.279737998599018,77
llama3.1-8b,3500,490 - 500,60,1.975276231765747,1.975276231765747,30.375498391110874,77
llama3.1-8b,3500,490 - 500,60,1.9750192165374756,1.9750192165374756,30.37945124665146,77
llama3.1-8b,3500,490 - 500,60,2.0927531719207764,2.0927531719207764,28.670366293092577,77
llama3.1-8b,3500,490 - 500,60,2.172287702560425,2.172287702560425,27.62065076798041,77
llama3.1-8b,3500,490 - 500,60,2.192373275756836,2.192373275756836,27.367602343760197,77
llama3.1-8b,3500,490 - 500,60,1.989137887954712,1.989137887954712,30.16382140390162,76
llama3.1-8b,3500,490 - 500,60,2.1595475673675537,2.1595475673675537,27.7835973176265,77
llama3.1-8b,3500,490 - 500,60,2.28033709526062,2.28033709526062,26.311899290987323,77
llama3.1-8b,3500,490 - 500,60,2.0718212127685547,2.0718212127685547,28.96002783938223,76
llama3.1-8b,3500,490 - 500,60,2.0463807582855225,2.0463807582855225,29.32005676708404,77
llama3.1-8b,3500,490 - 500,60,1.9620087146759033,1.9620087146759033,30.580903923207686,77
llama3.1-8b,3500,490 - 500,60,2.0079307556152344,2.0079307556152344,29.881508529220106,76
llama3.1-8b,3500,490 - 500,60,1.9126389026641846,1.9126389026641846,31.370270633115226,75
llama3.1-8b,3500,490 - 500,60,2.0579473972320557,2.0579473972320557,29.155264163068573,77
llama3.1-8b,3500,490 - 500,60,2.1342127323150635,2.1342127323150635,28.11341113822129,77
llama3.1-8b,3500,490 - 500,60,1.9087657928466797,1.9087657928466797,20.955949729351094,82
llama3.1-8b,3500,490 - 500,64,2.131998300552368,2.131998300552368,30.018785654481327,76
llama3.1-8b,3500,490 - 500,64,2.009075880050659,2.009075880050659,31.855441915108866,76
llama3.1-8b,3500,490 - 500,64,2.3445844650268555,2.3445844650268555,27.296947904697017,76
llama3.1-8b,3500,490 - 500,64,1.9917588233947754,1.9917588233947754,32.132404409745604,75
llama3.1-8b,3500,490 - 500,64,2.255802869796753,2.255802869796753,28.37127341972323,75
llama3.1-8b,3500,490 - 500,64,2.219372272491455,2.219372272491455,28.836982778087044,75
llama3.1-8b,3500,490 - 500,64,2.0958290100097656,2.0958290100097656,30.53684231601594,76
llama3.1-8b,3500,490 - 500,64,2.1863529682159424,2.1863529682159424,29.272492104613747,76
llama3.1-8b,3500,490 - 500,64,2.234110116958618,2.234110116958618,28.646752688773333,76
llama3.1-8b,3500,490 - 500,64,1.983271598815918,1.983271598815918,32.26991201719937,76
llama3.1-8b,3500,490 - 500,64,2.0835659503936768,2.0835659503936768,30.716570304821694,77
llama3.1-8b,3500,490 - 500,64,2.0274951457977295,2.0274951457977295,31.56604351564,75
llama3.1-8b,3500,490 - 500,64,2.162142753601074,2.162142753601074,29.600265705586388,76
llama3.1-8b,3500,490 - 500,64,2.08308744430542,2.08308744430542,30.72362620923963,76
llama3.1-8b,3500,490 - 500,64,2.180854320526123,2.180854320526123,29.34629764016527,76
llama3.1-8b,3500,490 - 500,64,1.9096057415008545,1.9096057415008545,20.94673216082918,82
